{"_timestamp":1.751083007700025e+09,"_runtime":795.655049,"Val_Metric/recall@20":0.08139535039663315,"Loss/train_time_loss":0,"Test_Metric/ndcg@5":0.01713719591498375,"Val_Metric/ndcg@5":0.028751078993082047,"Test_Metric/recall@5":0.0272686630487442,"Val_Metric/ndcg@20":0.04018523916602135,"Test_Metric/ndcg@20":0.029372435063123703,"Val_Metric/recall@5":0.040697675198316574,"Val_Metric/ndcg@10":0.03456921502947807,"Loss/train_loss":6.624542624609811,"Test_Metric/recall@10":0.042020563036203384,"_wandb":{"runtime":795},"Val_Metric/ndcg@50":0.049784138798713684,"Test_Metric/ndcg@50":0.03945624828338623,"Loss/train_rec_loss":0,"Val_Metric/recall@10":0.059033989906311035,"Test_Metric/ndcg@10":0.021964387968182564,"Test_Metric/recall@50":0.12248547375202179,"_step":42,"Val_Metric/recall@50":0.13014310598373413,"Test_Metric/recall@20":0.07152435928583145}