{"Val_Metric/recall@10":0.05366726219654083,"_runtime":78.499836,"Val_Metric/ndcg@20":0.042839325964450836,"Test_Metric/recall@10":0.04336164519190788,"Test_Metric/ndcg@20":0.032310135662555695,"Val_Metric/recall@20":0.06887298822402954,"Test_Metric/recall@5":0.0312919095158577,"Loss/train_loss":3.002260851860046,"_timestamp":1.7510849649226e+09,"_step":38,"Val_Metric/ndcg@50":0.04764152318239212,"Loss/train_time_loss":0,"_wandb":{"runtime":78},"Val_Metric/recall@50":0.09302325546741486,"Val_Metric/ndcg@10":0.03897299990057945,"Test_Metric/ndcg@10":0.028824685141444206,"Test_Metric/recall@50":0.0844881534576416,"Loss/train_rec_loss":0,"Val_Metric/recall@5":0.043381039053201675,"Test_Metric/ndcg@50":0.03769895061850548,"Test_Metric/recall@20":0.0572194904088974,"Test_Metric/ndcg@5":0.024968918412923813,"Val_Metric/ndcg@5":0.035719871520996094}